﻿<?xml version="1.0" encoding="UTF-8"?>
<fernml version="1.0">
  <listOfSpecies>
    <species name="PLac" initialAmount="1"/>
    <species name="RNAP" initialAmount="0"/>
    <species name="PLacRNAP" initialAmount="0"/>
    <species name="TrLacZ1" initialAmount="0"/>
    <species name="RbsLacZ" initialAmount="0"/>
    <species name="TrLacZ2" initialAmount="0"/>
    <species name="Ribosome" initialAmount="0"/>
    <species name="RbsRibosome" initialAmount="0"/>
    <species name="TrRbsLacZ" initialAmount="0"/>
    <species name="LacZ" initialAmount="0"/>
    <species name="dgrLacZ" initialAmount="0"/>
    <species name="dgrRbsLacZ" initialAmount="0"/>
  </listOfSpecies>
  <listOfReactions>
    <reaction kineticConstant="0.17">
      <listOfReactants>
        <speciesReference name="PLac" />
        <speciesReference name="RNAP" />
      </listOfReactants>
      <listOfProducts>
        <speciesReference name="PLacRNAP" />
      </listOfProducts>
    </reaction>
    <reaction kineticConstant="10">
      <listOfReactants>
        <speciesReference name="PLacRNAP" />
      </listOfReactants>
      <listOfProducts>
        <speciesReference name="PLac" />
        <speciesReference name="RNAP" />
      </listOfProducts>
    </reaction>
    <reaction kineticConstant="1">
      <listOfReactants>
        <speciesReference name="PLacRNAP" />
      </listOfReactants>
      <listOfProducts>
        <speciesReference name="TrLacZ1" />
      </listOfProducts>
    </reaction>
    <reaction kineticConstant="1">
      <listOfReactants>
        <speciesReference name="TrLacZ1" />
      </listOfReactants>
      <listOfProducts>
        <speciesReference name="RbsLacZ" />
        <speciesReference name="PLac" />
        <speciesReference name="TrLacZ2" />
      </listOfProducts>
    </reaction>
   <reaction kineticConstant="0.015">
      <listOfReactants>
        <speciesReference name="TrLacZ2" />
      </listOfReactants>
      <listOfProducts>
        <speciesReference name="RNAP" />
      </listOfProducts>
    </reaction>
    <reaction kineticConstant="0.17">
      <listOfReactants>
        <speciesReference name="Ribosome" />
        <speciesReference name="RbsLacZ" />
      </listOfReactants>
      <listOfProducts>
        <speciesReference name="RbsRibosome" />
      </listOfProducts>
    </reaction>
    <reaction kineticConstant="0.45">
      <listOfReactants>
        <speciesReference name="RbsRibosome" />
      </listOfReactants>
      <listOfProducts>
        <speciesReference name="Ribosome" />
        <speciesReference name="RbsLacZ" />
      </listOfProducts>
    </reaction>
    <reaction kineticConstant="0.4">
      <listOfReactants>
        <speciesReference name="RbsRibosome" />
      </listOfReactants>
      <listOfProducts>
        <speciesReference name="TrRbsLacZ" />
        <speciesReference name="RbsLacZ" />
      </listOfProducts>
    </reaction>
    <reaction kineticConstant="0.015">
      <listOfReactants>
        <speciesReference name="TrRbsLacZ" />
      </listOfReactants>
      <listOfProducts>
        <speciesReference name="LacZ" />
      </listOfProducts>
    </reaction>
    <reaction kineticConstant="6.42E-5">
      <listOfReactants>
        <speciesReference name="LacZ" />
      </listOfReactants>
      <listOfProducts>
        <speciesReference name="dgrLacZ" />
      </listOfProducts>
    </reaction>
    <reaction kineticConstant="0.3">
      <listOfReactants>
        <speciesReference name="RbsLacZ" />
      </listOfReactants>
      <listOfProducts>
        <speciesReference name="dgrRbsLacZ" />
      </listOfProducts>
    </reaction>
  </listOfReactions>
  
</fernml>