<?xml version="1.0" encoding="UTF-8"?>
<fernml version="1.0">
  <listOfSpecies>
      <species name="L" initialAmount="680" />
      <species name="R" initialAmount="100" />
      <species name="C" initialAmount="0" />
      <species name="C2" initialAmount="0" />
      <species name="C*" initialAmount="0" />
      <species name="A1" initialAmount="85" />
      <species name="A2" initialAmount="34" />
      <species name="E1" initialAmount="180" />
      <species name="E2" initialAmount="180" />
      <species name="E3" initialAmount="180" />
      <species name="E4" initialAmount="180" />
      <species name="E5" initialAmount="180" />
      <species name="P1" initialAmount="90" />
      <species name="P2" initialAmount="90" />
      <species name="P3" initialAmount="90" />
      <species name="P4" initialAmount="90" />
      <species name="P5" initialAmount="90" />
      <species name="E0*" initialAmount="0" />
      <species name="E1*" initialAmount="0" />
      <species name="E2*" initialAmount="0" />
      <species name="E3*" initialAmount="0" />
      <species name="E4*" initialAmount="0" />
      <species name="E5*" initialAmount="0" />
      <species name="A2-" initialAmount="0" />
      <species name="E2-" initialAmount="0" />
     <species name="C*A1" initialAmount="0" />
      <species name="A1A2" initialAmount="0" />
      <species name="E1E0*" initialAmount="0" />
      <species name="E1*P1" initialAmount="0" />
      <species name="E2E1*" initialAmount="0" />
      <species name="E2*P2" initialAmount="0" />
      <species name="E3E2*" initialAmount="0" />
      <species name="E3*P3" initialAmount="0" />
      <species name="E4E3*" initialAmount="0" />
      <species name="E4*P4" initialAmount="0" />
      <species name="E5E4*" initialAmount="0" />
      <species name="E5*P5" initialAmount="0" />
     <species name="E0*E4*" initialAmount="0" />
      <species name="E2*E4*" initialAmount="0" />
    
    </listOfSpecies>
  <listOfReactions>
    <reaction kineticConstant="0.003" kineticConstantReversible="0.06">
      <listOfReactants>
      <speciesReference name="L" />
      <speciesReference name="R" />
      </listOfReactants><listOfProducts><speciesReference name="C" />
    </listOfProducts></reaction>
    <reaction kineticConstant="0.01" kineticConstantReversible="0.1">
      <listOfReactants>
      <speciesReference name="C" />
      <speciesReference name="C" />
      </listOfReactants><listOfProducts><speciesReference name="C2" />
    </listOfProducts></reaction>
    <reaction kineticConstant="1" kineticConstantReversible="0.01">
      <listOfReactants>
      <speciesReference name="C2" />
      </listOfReactants><listOfProducts><speciesReference name="C*" />
    </listOfProducts></reaction>
    <reaction kineticConstant="0.003" kineticConstantReversible="0.05">
      <listOfReactants>
      <speciesReference name="C*" />
      <speciesReference name="A1" />
      </listOfReactants><listOfProducts><speciesReference name="C*A1" />
    </listOfProducts></reaction>
    <reaction kineticConstant="0.01" kineticConstantReversible="0.06">
      <listOfReactants>
      <speciesReference name="C*A1" />
      <speciesReference name="A2" />
      </listOfReactants><listOfProducts><speciesReference name="E0*" />
    </listOfProducts></reaction>
    <reaction kineticConstant="0.0001" kineticConstantReversible="0.0015">
      <listOfReactants>
      <speciesReference name="A1" />
      <speciesReference name="A2" />
      </listOfReactants><listOfProducts><speciesReference name="A1A2" />
    </listOfProducts></reaction>
    <reaction kineticConstant="0.0045" kineticConstantReversible="0.03">
      <listOfReactants>
      <speciesReference name="C*" />
      <speciesReference name="A1A2" />
      </listOfReactants><listOfProducts><speciesReference name="E0*" />
    </listOfProducts></reaction>

    <reaction kineticConstant="0.01" kineticConstantReversible="0.5">
      <listOfReactants>
      <speciesReference name="E1" />
      <speciesReference name="E0*" />
      </listOfReactants><listOfProducts><speciesReference name="E1E0*" />
    </listOfProducts></reaction>
    <reaction kineticConstant="0.1">
      <listOfReactants>
      <speciesReference name="E1E0*" />
      </listOfReactants><listOfProducts><speciesReference name="E0*" />
      <speciesReference name="E1*" />
    </listOfProducts></reaction>

    <reaction kineticConstant="0.01" kineticConstantReversible="0.5">
      <listOfReactants>
      <speciesReference name="E1*" />
      <speciesReference name="P1" />
      </listOfReactants><listOfProducts><speciesReference name="E1*P1" />
    </listOfProducts></reaction>
    <reaction kineticConstant="0.1">
      <listOfReactants>
      <speciesReference name="E1*P1" />
      </listOfReactants><listOfProducts><speciesReference name="P1" />
      <speciesReference name="E1" />
    </listOfProducts></reaction>

    <reaction kineticConstant="0.01" kineticConstantReversible="0.5">
      <listOfReactants>
      <speciesReference name="E2" />
      <speciesReference name="E1*" />
      </listOfReactants><listOfProducts><speciesReference name="E2E1*" />
    </listOfProducts></reaction>
    <reaction kineticConstant="0.1">
      <listOfReactants>
      <speciesReference name="E2E1*" />
      </listOfReactants><listOfProducts><speciesReference name="E1*" />
      <speciesReference name="E2*" />
    </listOfProducts></reaction>

    <reaction kineticConstant="0.01" kineticConstantReversible="0.5">
      <listOfReactants>
      <speciesReference name="E2*" />
      <speciesReference name="P2" />
      </listOfReactants><listOfProducts><speciesReference name="E2*P2" />
    </listOfProducts></reaction>
    <reaction kineticConstant="0.1">
      <listOfReactants>
      <speciesReference name="E2*P2" />
      </listOfReactants><listOfProducts><speciesReference name="P2" />
      <speciesReference name="E2" />
    </listOfProducts></reaction>

    <reaction kineticConstant="0.01" kineticConstantReversible="0.5">
      <listOfReactants>
      <speciesReference name="E3" />
      <speciesReference name="E2*" />
      </listOfReactants><listOfProducts><speciesReference name="E3E2*" />
    </listOfProducts></reaction>
    <reaction kineticConstant="0.1">
      <listOfReactants>
      <speciesReference name="E3E2*" />
      </listOfReactants><listOfProducts><speciesReference name="E2*" />
      <speciesReference name="E3*" />
    </listOfProducts></reaction>

    <reaction kineticConstant="0.01" kineticConstantReversible="0.5">
      <listOfReactants>
      <speciesReference name="E3*" />
      <speciesReference name="P3" />
      </listOfReactants><listOfProducts><speciesReference name="E3*P3" />
    </listOfProducts></reaction>
    <reaction kineticConstant="0.1">
      <listOfReactants>
      <speciesReference name="E3*P3" />
      </listOfReactants><listOfProducts><speciesReference name="P3" />
      <speciesReference name="E3" />
    </listOfProducts></reaction>

    <reaction kineticConstant="0.01" kineticConstantReversible="0.5">
      <listOfReactants>
      <speciesReference name="E4" />
      <speciesReference name="E3*" />
      </listOfReactants><listOfProducts><speciesReference name="E4E3*" />
    </listOfProducts></reaction>
    <reaction kineticConstant="0.1">
      <listOfReactants>
      <speciesReference name="E4E3*" />
      </listOfReactants><listOfProducts><speciesReference name="E3*" />
      <speciesReference name="E4*" />
    </listOfProducts></reaction>

    <reaction kineticConstant="0.01" kineticConstantReversible="0.5">
      <listOfReactants>
      <speciesReference name="E4*" />
      <speciesReference name="P4" />
      </listOfReactants><listOfProducts><speciesReference name="E4*P4" />
    </listOfProducts></reaction>
    <reaction kineticConstant="0.1">
      <listOfReactants>
      <speciesReference name="E4*P4" />
      </listOfReactants><listOfProducts><speciesReference name="P4" />
      <speciesReference name="E4" />
    </listOfProducts></reaction>

    <reaction kineticConstant="0.01" kineticConstantReversible="0.5">
      <listOfReactants>
      <speciesReference name="E5" />
      <speciesReference name="E4*" />
      </listOfReactants><listOfProducts><speciesReference name="E5E4*" />
    </listOfProducts></reaction>
    <reaction kineticConstant="0.1">
      <listOfReactants>
      <speciesReference name="E5E4*" />
      </listOfReactants><listOfProducts><speciesReference name="E4*" />
      <speciesReference name="E5*" />
    </listOfProducts></reaction>

    <reaction kineticConstant="0.01" kineticConstantReversible="0.5">
      <listOfReactants>
      <speciesReference name="E5*" />
      <speciesReference name="P5" />
      </listOfReactants><listOfProducts><speciesReference name="E5*P5" />
    </listOfProducts></reaction>
    <reaction kineticConstant="0.1">
      <listOfReactants>
      <speciesReference name="E5*P5" />
      </listOfReactants><listOfProducts><speciesReference name="P5" />
      <speciesReference name="E5" />
    </listOfProducts></reaction>

    <reaction kineticConstant="0.01" kineticConstantReversible="0.5">
      <listOfReactants>
      <speciesReference name="E0*" />
      <speciesReference name="E4*" />
      </listOfReactants><listOfProducts><speciesReference name="E0*E4*" />
    </listOfProducts></reaction>
    <reaction kineticConstant="0.1">
      <listOfReactants>
      <speciesReference name="E0*E4*" />
      </listOfReactants><listOfProducts><speciesReference name="E4*" />
      <speciesReference name="C*A1" />
      <speciesReference name="A2-" />
    </listOfProducts></reaction>

    <reaction kineticConstant="0.01" kineticConstantReversible="0.5">
      <listOfReactants>
      <speciesReference name="E2*" />
      <speciesReference name="E4*" />
      </listOfReactants><listOfProducts><speciesReference name="E2*E4*" />
    </listOfProducts></reaction>
    <reaction kineticConstant="0.1">
      <listOfReactants>
      <speciesReference name="E2*E4*" />
      </listOfReactants><listOfProducts><speciesReference name="E4*" />
      <speciesReference name="E2-" />
    </listOfProducts></reaction>
  </listOfReactions>
</fernml>