<?xml version="1.0" encoding="UTF-8"?>
<sbml xmlns="http://www.sbml.org/sbml/level2/version3" level="2" version="3">
  <model id="mapk.xml">
    <listOfCompartments>
      <compartment id="Cell"/>
    </listOfCompartments>
    <listOfSpecies>
      <species id="L" compartment="Cell" initialAmount="680" hasOnlySubstanceUnits="true"/>
      <species id="R" compartment="Cell" initialAmount="100" hasOnlySubstanceUnits="true"/>
      <species id="C" compartment="Cell" initialAmount="0" hasOnlySubstanceUnits="true"/>
      <species id="C2" compartment="Cell" initialAmount="0" hasOnlySubstanceUnits="true"/>
      <species id="C*" compartment="Cell" initialAmount="0" hasOnlySubstanceUnits="true"/>
      <species id="A1" compartment="Cell" initialAmount="85" hasOnlySubstanceUnits="true"/>
      <species id="A2" compartment="Cell" initialAmount="34" hasOnlySubstanceUnits="true"/>
      <species id="E1" compartment="Cell" initialAmount="180" hasOnlySubstanceUnits="true"/>
      <species id="E2" compartment="Cell" initialAmount="180" hasOnlySubstanceUnits="true"/>
      <species id="E3" compartment="Cell" initialAmount="180" hasOnlySubstanceUnits="true"/>
      <species id="E4" compartment="Cell" initialAmount="180" hasOnlySubstanceUnits="true"/>
      <species id="E5" compartment="Cell" initialAmount="180" hasOnlySubstanceUnits="true"/>
      <species id="P1" compartment="Cell" initialAmount="90" hasOnlySubstanceUnits="true"/>
      <species id="P2" compartment="Cell" initialAmount="90" hasOnlySubstanceUnits="true"/>
      <species id="P3" compartment="Cell" initialAmount="90" hasOnlySubstanceUnits="true"/>
      <species id="P4" compartment="Cell" initialAmount="90" hasOnlySubstanceUnits="true"/>
      <species id="P5" compartment="Cell" initialAmount="90" hasOnlySubstanceUnits="true"/>
      <species id="E0*" compartment="Cell" initialAmount="0" hasOnlySubstanceUnits="true"/>
      <species id="E1*" compartment="Cell" initialAmount="0" hasOnlySubstanceUnits="true"/>
      <species id="E2*" compartment="Cell" initialAmount="0" hasOnlySubstanceUnits="true"/>
      <species id="E3*" compartment="Cell" initialAmount="0" hasOnlySubstanceUnits="true"/>
      <species id="E4*" compartment="Cell" initialAmount="0" hasOnlySubstanceUnits="true"/>
      <species id="E5*" compartment="Cell" initialAmount="0" hasOnlySubstanceUnits="true"/>
      <species id="A2-" compartment="Cell" initialAmount="0" hasOnlySubstanceUnits="true"/>
      <species id="E2-" compartment="Cell" initialAmount="0" hasOnlySubstanceUnits="true"/>
      <species id="C*A1" compartment="Cell" initialAmount="0" hasOnlySubstanceUnits="true"/>
      <species id="A1A2" compartment="Cell" initialAmount="0" hasOnlySubstanceUnits="true"/>
      <species id="E1E0*" compartment="Cell" initialAmount="0" hasOnlySubstanceUnits="true"/>
      <species id="E1*P1" compartment="Cell" initialAmount="0" hasOnlySubstanceUnits="true"/>
      <species id="E2E1*" compartment="Cell" initialAmount="0" hasOnlySubstanceUnits="true"/>
      <species id="E2*P2" compartment="Cell" initialAmount="0" hasOnlySubstanceUnits="true"/>
      <species id="E3E2*" compartment="Cell" initialAmount="0" hasOnlySubstanceUnits="true"/>
      <species id="E3*P3" compartment="Cell" initialAmount="0" hasOnlySubstanceUnits="true"/>
      <species id="E4E3*" compartment="Cell" initialAmount="0" hasOnlySubstanceUnits="true"/>
      <species id="E4*P4" compartment="Cell" initialAmount="0" hasOnlySubstanceUnits="true"/>
      <species id="E5E4*" compartment="Cell" initialAmount="0" hasOnlySubstanceUnits="true"/>
      <species id="E5*P5" compartment="Cell" initialAmount="0" hasOnlySubstanceUnits="true"/>
      <species id="E0*E4*" compartment="Cell" initialAmount="0" hasOnlySubstanceUnits="true"/>
      <species id="E2*E4*" compartment="Cell" initialAmount="0" hasOnlySubstanceUnits="true"/>
    </listOfSpecies>
    <listOfReactions>
      <reaction id="L+R-&gt;C" reversible="false">
        <listOfReactants>
          <speciesReference species="L"/>
          <speciesReference species="R"/>
        </listOfReactants>
        <listOfProducts>
          <speciesReference species="C"/>
        </listOfProducts>
        <kineticLaw>
          <math xmlns="http://www.w3.org/1998/Math/MathML">
            <apply>
              <times/>
              <cn> 0.003 </cn>
              <ci> L </ci>
              <ci> R </ci>
            </apply>
          </math>
        </kineticLaw>
      </reaction>
      <reaction id="C-&gt;L+R" reversible="false">
        <listOfReactants>
          <speciesReference species="C"/>
        </listOfReactants>
        <listOfProducts>
          <speciesReference species="L"/>
          <speciesReference species="R"/>
        </listOfProducts>
        <kineticLaw>
          <math xmlns="http://www.w3.org/1998/Math/MathML">
            <apply>
              <times/>
              <cn> 0.06 </cn>
              <ci> C </ci>
            </apply>
          </math>
        </kineticLaw>
      </reaction>
      <reaction id="C+C-&gt;C2" reversible="false">
        <listOfReactants>
          <speciesReference species="C"/>
          <speciesReference species="C"/>
        </listOfReactants>
        <listOfProducts>
          <speciesReference species="C2"/>
        </listOfProducts>
        <kineticLaw>
          <math xmlns="http://www.w3.org/1998/Math/MathML">
            <apply>
              <times/>
              <cn> 0.01 </cn>
              <ci> C </ci>
              <apply>
                <minus/>
                <ci> C </ci>
                <cn type="integer"> 1 </cn>
              </apply>
              <cn> 0.5 </cn>
            </apply>
          </math>
        </kineticLaw>
      </reaction>
      <reaction id="C2-&gt;C+C" reversible="false">
        <listOfReactants>
          <speciesReference species="C2"/>
        </listOfReactants>
        <listOfProducts>
          <speciesReference species="C"/>
          <speciesReference species="C"/>
        </listOfProducts>
        <kineticLaw>
          <math xmlns="http://www.w3.org/1998/Math/MathML">
            <apply>
              <times/>
              <cn> 0.1 </cn>
              <ci> C2 </ci>
            </apply>
          </math>
        </kineticLaw>
      </reaction>
      <reaction id="C2-&gt;C*" reversible="false">
        <listOfReactants>
          <speciesReference species="C2"/>
        </listOfReactants>
        <listOfProducts>
          <speciesReference species="C*"/>
        </listOfProducts>
        <kineticLaw>
          <math xmlns="http://www.w3.org/1998/Math/MathML">
            <apply>
              <times/>
              <cn> 1 </cn>
              <ci> C2 </ci>
            </apply>
          </math>
        </kineticLaw>
      </reaction>
      <reaction id="C*-&gt;C2" reversible="false">
        <listOfReactants>
          <speciesReference species="C*"/>
        </listOfReactants>
        <listOfProducts>
          <speciesReference species="C2"/>
        </listOfProducts>
        <kineticLaw>
          <math xmlns="http://www.w3.org/1998/Math/MathML">
            <apply>
              <times/>
              <cn> 0.01 </cn>
              <ci> C* </ci>
            </apply>
          </math>
        </kineticLaw>
      </reaction>
      <reaction id="C*+A1-&gt;C*A1" reversible="false">
        <listOfReactants>
          <speciesReference species="C*"/>
          <speciesReference species="A1"/>
        </listOfReactants>
        <listOfProducts>
          <speciesReference species="C*A1"/>
        </listOfProducts>
        <kineticLaw>
          <math xmlns="http://www.w3.org/1998/Math/MathML">
            <apply>
              <times/>
              <cn> 0.003 </cn>
              <ci> C* </ci>
              <ci> A1 </ci>
            </apply>
          </math>
        </kineticLaw>
      </reaction>
      <reaction id="C*A1-&gt;C*+A1" reversible="false">
        <listOfReactants>
          <speciesReference species="C*A1"/>
        </listOfReactants>
        <listOfProducts>
          <speciesReference species="C*"/>
          <speciesReference species="A1"/>
        </listOfProducts>
        <kineticLaw>
          <math xmlns="http://www.w3.org/1998/Math/MathML">
            <apply>
              <times/>
              <cn> 0.05 </cn>
              <ci> C*A1 </ci>
            </apply>
          </math>
        </kineticLaw>
      </reaction>
      <reaction id="C*A1+A2-&gt;E0*" reversible="false">
        <listOfReactants>
          <speciesReference species="C*A1"/>
          <speciesReference species="A2"/>
        </listOfReactants>
        <listOfProducts>
          <speciesReference species="E0*"/>
        </listOfProducts>
        <kineticLaw>
          <math xmlns="http://www.w3.org/1998/Math/MathML">
            <apply>
              <times/>
              <cn> 0.01 </cn>
              <ci> C*A1 </ci>
              <ci> A2 </ci>
            </apply>
          </math>
        </kineticLaw>
      </reaction>
      <reaction id="E0*-&gt;C*A1+A2" reversible="false">
        <listOfReactants>
          <speciesReference species="E0*"/>
        </listOfReactants>
        <listOfProducts>
          <speciesReference species="C*A1"/>
          <speciesReference species="A2"/>
        </listOfProducts>
        <kineticLaw>
          <math xmlns="http://www.w3.org/1998/Math/MathML">
            <apply>
              <times/>
              <cn> 0.06 </cn>
              <ci> E0* </ci>
            </apply>
          </math>
        </kineticLaw>
      </reaction>
      <reaction id="A1+A2-&gt;A1A2" reversible="false">
        <listOfReactants>
          <speciesReference species="A1"/>
          <speciesReference species="A2"/>
        </listOfReactants>
        <listOfProducts>
          <speciesReference species="A1A2"/>
        </listOfProducts>
        <kineticLaw>
          <math xmlns="http://www.w3.org/1998/Math/MathML">
            <apply>
              <times/>
              <cn> 0.0001 </cn>
              <ci> A1 </ci>
              <ci> A2 </ci>
            </apply>
          </math>
        </kineticLaw>
      </reaction>
      <reaction id="A1A2-&gt;A1+A2" reversible="false">
        <listOfReactants>
          <speciesReference species="A1A2"/>
        </listOfReactants>
        <listOfProducts>
          <speciesReference species="A1"/>
          <speciesReference species="A2"/>
        </listOfProducts>
        <kineticLaw>
          <math xmlns="http://www.w3.org/1998/Math/MathML">
            <apply>
              <times/>
              <cn> 0.0015 </cn>
              <ci> A1A2 </ci>
            </apply>
          </math>
        </kineticLaw>
      </reaction>
      <reaction id="C*+A1A2-&gt;E0*" reversible="false">
        <listOfReactants>
          <speciesReference species="C*"/>
          <speciesReference species="A1A2"/>
        </listOfReactants>
        <listOfProducts>
          <speciesReference species="E0*"/>
        </listOfProducts>
        <kineticLaw>
          <math xmlns="http://www.w3.org/1998/Math/MathML">
            <apply>
              <times/>
              <cn> 0.0045 </cn>
              <ci> C* </ci>
              <ci> A1A2 </ci>
            </apply>
          </math>
        </kineticLaw>
      </reaction>
      <reaction id="E0*-&gt;C*+A1A2" reversible="false">
        <listOfReactants>
          <speciesReference species="E0*"/>
        </listOfReactants>
        <listOfProducts>
          <speciesReference species="C*"/>
          <speciesReference species="A1A2"/>
        </listOfProducts>
        <kineticLaw>
          <math xmlns="http://www.w3.org/1998/Math/MathML">
            <apply>
              <times/>
              <cn> 0.03 </cn>
              <ci> E0* </ci>
            </apply>
          </math>
        </kineticLaw>
      </reaction>
      <reaction id="E1+E0*-&gt;E1E0*" reversible="false">
        <listOfReactants>
          <speciesReference species="E1"/>
          <speciesReference species="E0*"/>
        </listOfReactants>
        <listOfProducts>
          <speciesReference species="E1E0*"/>
        </listOfProducts>
        <kineticLaw>
          <math xmlns="http://www.w3.org/1998/Math/MathML">
            <apply>
              <times/>
              <cn> 0.01 </cn>
              <ci> E1 </ci>
              <ci> E0* </ci>
            </apply>
          </math>
        </kineticLaw>
      </reaction>
      <reaction id="E1E0*-&gt;E1+E0*" reversible="false">
        <listOfReactants>
          <speciesReference species="E1E0*"/>
        </listOfReactants>
        <listOfProducts>
          <speciesReference species="E1"/>
          <speciesReference species="E0*"/>
        </listOfProducts>
        <kineticLaw>
          <math xmlns="http://www.w3.org/1998/Math/MathML">
            <apply>
              <times/>
              <cn> 0.5 </cn>
              <ci> E1E0* </ci>
            </apply>
          </math>
        </kineticLaw>
      </reaction>
      <reaction id="E1E0*-&gt;E0*+E1*" reversible="false">
        <listOfReactants>
          <speciesReference species="E1E0*"/>
        </listOfReactants>
        <listOfProducts>
          <speciesReference species="E0*"/>
          <speciesReference species="E1*"/>
        </listOfProducts>
        <kineticLaw>
          <math xmlns="http://www.w3.org/1998/Math/MathML">
            <apply>
              <times/>
              <cn> 0.1 </cn>
              <ci> E1E0* </ci>
            </apply>
          </math>
        </kineticLaw>
      </reaction>
      <reaction id="E1*+P1-&gt;E1*P1" reversible="false">
        <listOfReactants>
          <speciesReference species="E1*"/>
          <speciesReference species="P1"/>
        </listOfReactants>
        <listOfProducts>
          <speciesReference species="E1*P1"/>
        </listOfProducts>
        <kineticLaw>
          <math xmlns="http://www.w3.org/1998/Math/MathML">
            <apply>
              <times/>
              <cn> 0.01 </cn>
              <ci> E1* </ci>
              <ci> P1 </ci>
            </apply>
          </math>
        </kineticLaw>
      </reaction>
      <reaction id="E1*P1-&gt;E1*+P1" reversible="false">
        <listOfReactants>
          <speciesReference species="E1*P1"/>
        </listOfReactants>
        <listOfProducts>
          <speciesReference species="E1*"/>
          <speciesReference species="P1"/>
        </listOfProducts>
        <kineticLaw>
          <math xmlns="http://www.w3.org/1998/Math/MathML">
            <apply>
              <times/>
              <cn> 0.5 </cn>
              <ci> E1*P1 </ci>
            </apply>
          </math>
        </kineticLaw>
      </reaction>
      <reaction id="E1*P1-&gt;P1+E1" reversible="false">
        <listOfReactants>
          <speciesReference species="E1*P1"/>
        </listOfReactants>
        <listOfProducts>
          <speciesReference species="P1"/>
          <speciesReference species="E1"/>
        </listOfProducts>
        <kineticLaw>
          <math xmlns="http://www.w3.org/1998/Math/MathML">
            <apply>
              <times/>
              <cn> 0.1 </cn>
              <ci> E1*P1 </ci>
            </apply>
          </math>
        </kineticLaw>
      </reaction>
      <reaction id="E2+E1*-&gt;E2E1*" reversible="false">
        <listOfReactants>
          <speciesReference species="E2"/>
          <speciesReference species="E1*"/>
        </listOfReactants>
        <listOfProducts>
          <speciesReference species="E2E1*"/>
        </listOfProducts>
        <kineticLaw>
          <math xmlns="http://www.w3.org/1998/Math/MathML">
            <apply>
              <times/>
              <cn> 0.01 </cn>
              <ci> E2 </ci>
              <ci> E1* </ci>
            </apply>
          </math>
        </kineticLaw>
      </reaction>
      <reaction id="E2E1*-&gt;E2+E1*" reversible="false">
        <listOfReactants>
          <speciesReference species="E2E1*"/>
        </listOfReactants>
        <listOfProducts>
          <speciesReference species="E2"/>
          <speciesReference species="E1*"/>
        </listOfProducts>
        <kineticLaw>
          <math xmlns="http://www.w3.org/1998/Math/MathML">
            <apply>
              <times/>
              <cn> 0.5 </cn>
              <ci> E2E1* </ci>
            </apply>
          </math>
        </kineticLaw>
      </reaction>
      <reaction id="E2E1*-&gt;E1*+E2*" reversible="false">
        <listOfReactants>
          <speciesReference species="E2E1*"/>
        </listOfReactants>
        <listOfProducts>
          <speciesReference species="E1*"/>
          <speciesReference species="E2*"/>
        </listOfProducts>
        <kineticLaw>
          <math xmlns="http://www.w3.org/1998/Math/MathML">
            <apply>
              <times/>
              <cn> 0.1 </cn>
              <ci> E2E1* </ci>
            </apply>
          </math>
        </kineticLaw>
      </reaction>
      <reaction id="E2*+P2-&gt;E2*P2" reversible="false">
        <listOfReactants>
          <speciesReference species="E2*"/>
          <speciesReference species="P2"/>
        </listOfReactants>
        <listOfProducts>
          <speciesReference species="E2*P2"/>
        </listOfProducts>
        <kineticLaw>
          <math xmlns="http://www.w3.org/1998/Math/MathML">
            <apply>
              <times/>
              <cn> 0.01 </cn>
              <ci> E2* </ci>
              <ci> P2 </ci>
            </apply>
          </math>
        </kineticLaw>
      </reaction>
      <reaction id="E2*P2-&gt;E2*+P2" reversible="false">
        <listOfReactants>
          <speciesReference species="E2*P2"/>
        </listOfReactants>
        <listOfProducts>
          <speciesReference species="E2*"/>
          <speciesReference species="P2"/>
        </listOfProducts>
        <kineticLaw>
          <math xmlns="http://www.w3.org/1998/Math/MathML">
            <apply>
              <times/>
              <cn> 0.5 </cn>
              <ci> E2*P2 </ci>
            </apply>
          </math>
        </kineticLaw>
      </reaction>
      <reaction id="E2*P2-&gt;P2+E2" reversible="false">
        <listOfReactants>
          <speciesReference species="E2*P2"/>
        </listOfReactants>
        <listOfProducts>
          <speciesReference species="P2"/>
          <speciesReference species="E2"/>
        </listOfProducts>
        <kineticLaw>
          <math xmlns="http://www.w3.org/1998/Math/MathML">
            <apply>
              <times/>
              <cn> 0.1 </cn>
              <ci> E2*P2 </ci>
            </apply>
          </math>
        </kineticLaw>
      </reaction>
      <reaction id="E3+E2*-&gt;E3E2*" reversible="false">
        <listOfReactants>
          <speciesReference species="E3"/>
          <speciesReference species="E2*"/>
        </listOfReactants>
        <listOfProducts>
          <speciesReference species="E3E2*"/>
        </listOfProducts>
        <kineticLaw>
          <math xmlns="http://www.w3.org/1998/Math/MathML">
            <apply>
              <times/>
              <cn> 0.01 </cn>
              <ci> E3 </ci>
              <ci> E2* </ci>
            </apply>
          </math>
        </kineticLaw>
      </reaction>
      <reaction id="E3E2*-&gt;E3+E2*" reversible="false">
        <listOfReactants>
          <speciesReference species="E3E2*"/>
        </listOfReactants>
        <listOfProducts>
          <speciesReference species="E3"/>
          <speciesReference species="E2*"/>
        </listOfProducts>
        <kineticLaw>
          <math xmlns="http://www.w3.org/1998/Math/MathML">
            <apply>
              <times/>
              <cn> 0.5 </cn>
              <ci> E3E2* </ci>
            </apply>
          </math>
        </kineticLaw>
      </reaction>
      <reaction id="E3E2*-&gt;E2*+E3*" reversible="false">
        <listOfReactants>
          <speciesReference species="E3E2*"/>
        </listOfReactants>
        <listOfProducts>
          <speciesReference species="E2*"/>
          <speciesReference species="E3*"/>
        </listOfProducts>
        <kineticLaw>
          <math xmlns="http://www.w3.org/1998/Math/MathML">
            <apply>
              <times/>
              <cn> 0.1 </cn>
              <ci> E3E2* </ci>
            </apply>
          </math>
        </kineticLaw>
      </reaction>
      <reaction id="E3*+P3-&gt;E3*P3" reversible="false">
        <listOfReactants>
          <speciesReference species="E3*"/>
          <speciesReference species="P3"/>
        </listOfReactants>
        <listOfProducts>
          <speciesReference species="E3*P3"/>
        </listOfProducts>
        <kineticLaw>
          <math xmlns="http://www.w3.org/1998/Math/MathML">
            <apply>
              <times/>
              <cn> 0.01 </cn>
              <ci> E3* </ci>
              <ci> P3 </ci>
            </apply>
          </math>
        </kineticLaw>
      </reaction>
      <reaction id="E3*P3-&gt;E3*+P3" reversible="false">
        <listOfReactants>
          <speciesReference species="E3*P3"/>
        </listOfReactants>
        <listOfProducts>
          <speciesReference species="E3*"/>
          <speciesReference species="P3"/>
        </listOfProducts>
        <kineticLaw>
          <math xmlns="http://www.w3.org/1998/Math/MathML">
            <apply>
              <times/>
              <cn> 0.5 </cn>
              <ci> E3*P3 </ci>
            </apply>
          </math>
        </kineticLaw>
      </reaction>
      <reaction id="E3*P3-&gt;P3+E3" reversible="false">
        <listOfReactants>
          <speciesReference species="E3*P3"/>
        </listOfReactants>
        <listOfProducts>
          <speciesReference species="P3"/>
          <speciesReference species="E3"/>
        </listOfProducts>
        <kineticLaw>
          <math xmlns="http://www.w3.org/1998/Math/MathML">
            <apply>
              <times/>
              <cn> 0.1 </cn>
              <ci> E3*P3 </ci>
            </apply>
          </math>
        </kineticLaw>
      </reaction>
      <reaction id="E4+E3*-&gt;E4E3*" reversible="false">
        <listOfReactants>
          <speciesReference species="E4"/>
          <speciesReference species="E3*"/>
        </listOfReactants>
        <listOfProducts>
          <speciesReference species="E4E3*"/>
        </listOfProducts>
        <kineticLaw>
          <math xmlns="http://www.w3.org/1998/Math/MathML">
            <apply>
              <times/>
              <cn> 0.01 </cn>
              <ci> E4 </ci>
              <ci> E3* </ci>
            </apply>
          </math>
        </kineticLaw>
      </reaction>
      <reaction id="E4E3*-&gt;E4+E3*" reversible="false">
        <listOfReactants>
          <speciesReference species="E4E3*"/>
        </listOfReactants>
        <listOfProducts>
          <speciesReference species="E4"/>
          <speciesReference species="E3*"/>
        </listOfProducts>
        <kineticLaw>
          <math xmlns="http://www.w3.org/1998/Math/MathML">
            <apply>
              <times/>
              <cn> 0.5 </cn>
              <ci> E4E3* </ci>
            </apply>
          </math>
        </kineticLaw>
      </reaction>
      <reaction id="E4E3*-&gt;E3*+E4*" reversible="false">
        <listOfReactants>
          <speciesReference species="E4E3*"/>
        </listOfReactants>
        <listOfProducts>
          <speciesReference species="E3*"/>
          <speciesReference species="E4*"/>
        </listOfProducts>
        <kineticLaw>
          <math xmlns="http://www.w3.org/1998/Math/MathML">
            <apply>
              <times/>
              <cn> 0.1 </cn>
              <ci> E4E3* </ci>
            </apply>
          </math>
        </kineticLaw>
      </reaction>
      <reaction id="E4*+P4-&gt;E4*P4" reversible="false">
        <listOfReactants>
          <speciesReference species="E4*"/>
          <speciesReference species="P4"/>
        </listOfReactants>
        <listOfProducts>
          <speciesReference species="E4*P4"/>
        </listOfProducts>
        <kineticLaw>
          <math xmlns="http://www.w3.org/1998/Math/MathML">
            <apply>
              <times/>
              <cn> 0.01 </cn>
              <ci> E4* </ci>
              <ci> P4 </ci>
            </apply>
          </math>
        </kineticLaw>
      </reaction>
      <reaction id="E4*P4-&gt;E4*+P4" reversible="false">
        <listOfReactants>
          <speciesReference species="E4*P4"/>
        </listOfReactants>
        <listOfProducts>
          <speciesReference species="E4*"/>
          <speciesReference species="P4"/>
        </listOfProducts>
        <kineticLaw>
          <math xmlns="http://www.w3.org/1998/Math/MathML">
            <apply>
              <times/>
              <cn> 0.5 </cn>
              <ci> E4*P4 </ci>
            </apply>
          </math>
        </kineticLaw>
      </reaction>
      <reaction id="E4*P4-&gt;P4+E4" reversible="false">
        <listOfReactants>
          <speciesReference species="E4*P4"/>
        </listOfReactants>
        <listOfProducts>
          <speciesReference species="P4"/>
          <speciesReference species="E4"/>
        </listOfProducts>
        <kineticLaw>
          <math xmlns="http://www.w3.org/1998/Math/MathML">
            <apply>
              <times/>
              <cn> 0.1 </cn>
              <ci> E4*P4 </ci>
            </apply>
          </math>
        </kineticLaw>
      </reaction>
      <reaction id="E5+E4*-&gt;E5E4*" reversible="false">
        <listOfReactants>
          <speciesReference species="E5"/>
          <speciesReference species="E4*"/>
        </listOfReactants>
        <listOfProducts>
          <speciesReference species="E5E4*"/>
        </listOfProducts>
        <kineticLaw>
          <math xmlns="http://www.w3.org/1998/Math/MathML">
            <apply>
              <times/>
              <cn> 0.01 </cn>
              <ci> E5 </ci>
              <ci> E4* </ci>
            </apply>
          </math>
        </kineticLaw>
      </reaction>
      <reaction id="E5E4*-&gt;E5+E4*" reversible="false">
        <listOfReactants>
          <speciesReference species="E5E4*"/>
        </listOfReactants>
        <listOfProducts>
          <speciesReference species="E5"/>
          <speciesReference species="E4*"/>
        </listOfProducts>
        <kineticLaw>
          <math xmlns="http://www.w3.org/1998/Math/MathML">
            <apply>
              <times/>
              <cn> 0.5 </cn>
              <ci> E5E4* </ci>
            </apply>
          </math>
        </kineticLaw>
      </reaction>
      <reaction id="E5E4*-&gt;E4*+E5*" reversible="false">
        <listOfReactants>
          <speciesReference species="E5E4*"/>
        </listOfReactants>
        <listOfProducts>
          <speciesReference species="E4*"/>
          <speciesReference species="E5*"/>
        </listOfProducts>
        <kineticLaw>
          <math xmlns="http://www.w3.org/1998/Math/MathML">
            <apply>
              <times/>
              <cn> 0.1 </cn>
              <ci> E5E4* </ci>
            </apply>
          </math>
        </kineticLaw>
      </reaction>
      <reaction id="E5*+P5-&gt;E5*P5" reversible="false">
        <listOfReactants>
          <speciesReference species="E5*"/>
          <speciesReference species="P5"/>
        </listOfReactants>
        <listOfProducts>
          <speciesReference species="E5*P5"/>
        </listOfProducts>
        <kineticLaw>
          <math xmlns="http://www.w3.org/1998/Math/MathML">
            <apply>
              <times/>
              <cn> 0.01 </cn>
              <ci> E5* </ci>
              <ci> P5 </ci>
            </apply>
          </math>
        </kineticLaw>
      </reaction>
      <reaction id="E5*P5-&gt;E5*+P5" reversible="false">
        <listOfReactants>
          <speciesReference species="E5*P5"/>
        </listOfReactants>
        <listOfProducts>
          <speciesReference species="E5*"/>
          <speciesReference species="P5"/>
        </listOfProducts>
        <kineticLaw>
          <math xmlns="http://www.w3.org/1998/Math/MathML">
            <apply>
              <times/>
              <cn> 0.5 </cn>
              <ci> E5*P5 </ci>
            </apply>
          </math>
        </kineticLaw>
      </reaction>
      <reaction id="E5*P5-&gt;P5+E5" reversible="false">
        <listOfReactants>
          <speciesReference species="E5*P5"/>
        </listOfReactants>
        <listOfProducts>
          <speciesReference species="P5"/>
          <speciesReference species="E5"/>
        </listOfProducts>
        <kineticLaw>
          <math xmlns="http://www.w3.org/1998/Math/MathML">
            <apply>
              <times/>
              <cn> 0.1 </cn>
              <ci> E5*P5 </ci>
            </apply>
          </math>
        </kineticLaw>
      </reaction>
      <reaction id="E0*+E4*-&gt;E0*E4*" reversible="false">
        <listOfReactants>
          <speciesReference species="E0*"/>
          <speciesReference species="E4*"/>
        </listOfReactants>
        <listOfProducts>
          <speciesReference species="E0*E4*"/>
        </listOfProducts>
        <kineticLaw>
          <math xmlns="http://www.w3.org/1998/Math/MathML">
            <apply>
              <times/>
              <cn> 0.01 </cn>
              <ci> E0* </ci>
              <ci> E4* </ci>
            </apply>
          </math>
        </kineticLaw>
      </reaction>
      <reaction id="E0*E4*-&gt;E0*+E4*" reversible="false">
        <listOfReactants>
          <speciesReference species="E0*E4*"/>
        </listOfReactants>
        <listOfProducts>
          <speciesReference species="E0*"/>
          <speciesReference species="E4*"/>
        </listOfProducts>
        <kineticLaw>
          <math xmlns="http://www.w3.org/1998/Math/MathML">
            <apply>
              <times/>
              <cn> 0.5 </cn>
              <ci> E0*E4* </ci>
            </apply>
          </math>
        </kineticLaw>
      </reaction>
      <reaction id="E0*E4*-&gt;E4*+C*A1+A2-" reversible="false">
        <listOfReactants>
          <speciesReference species="E0*E4*"/>
        </listOfReactants>
        <listOfProducts>
          <speciesReference species="E4*"/>
          <speciesReference species="C*A1"/>
          <speciesReference species="A2-"/>
        </listOfProducts>
        <kineticLaw>
          <math xmlns="http://www.w3.org/1998/Math/MathML">
            <apply>
              <times/>
              <cn> 0.1 </cn>
              <ci> E0*E4* </ci>
            </apply>
          </math>
        </kineticLaw>
      </reaction>
      <reaction id="E2*+E4*-&gt;E2*E4*" reversible="false">
        <listOfReactants>
          <speciesReference species="E2*"/>
          <speciesReference species="E4*"/>
        </listOfReactants>
        <listOfProducts>
          <speciesReference species="E2*E4*"/>
        </listOfProducts>
        <kineticLaw>
          <math xmlns="http://www.w3.org/1998/Math/MathML">
            <apply>
              <times/>
              <cn> 0.01 </cn>
              <ci> E2* </ci>
              <ci> E4* </ci>
            </apply>
          </math>
        </kineticLaw>
      </reaction>
      <reaction id="E2*E4*-&gt;E2*+E4*" reversible="false">
        <listOfReactants>
          <speciesReference species="E2*E4*"/>
        </listOfReactants>
        <listOfProducts>
          <speciesReference species="E2*"/>
          <speciesReference species="E4*"/>
        </listOfProducts>
        <kineticLaw>
          <math xmlns="http://www.w3.org/1998/Math/MathML">
            <apply>
              <times/>
              <cn> 0.5 </cn>
              <ci> E2*E4* </ci>
            </apply>
          </math>
        </kineticLaw>
      </reaction>
      <reaction id="E2*E4*-&gt;E4*+E2-" reversible="false">
        <listOfReactants>
          <speciesReference species="E2*E4*"/>
        </listOfReactants>
        <listOfProducts>
          <speciesReference species="E4*"/>
          <speciesReference species="E2-"/>
        </listOfProducts>
        <kineticLaw>
          <math xmlns="http://www.w3.org/1998/Math/MathML">
            <apply>
              <times/>
              <cn> 0.1 </cn>
              <ci> E2*E4* </ci>
            </apply>
          </math>
        </kineticLaw>
      </reaction>
    </listOfReactions>
  </model>
</sbml>